name|industry|country
3M|Industrials / Industrial Conglomerates|United States
A. O. Smith|Industrials / Building Products|United States
AES Corporation|Utilities / Independent Power Producers & Energy Traders|United States
APA Corporation|Energy / Oil & Gas Exploration & Production|United States
AT&T|Communication Services / Integrated Telecommunication Services|United States
AbbVie|Health Care / Biotechnology|United States
Abbott Laboratories|Health Care / Health Care Equipment|United States
Adobe Inc.|Information Technology / Application Software|United States
Advanced Micro Devices|Information Technology / Semiconductors|United States
Aflac|Financials / Life & Health Insurance|United States
Agilent Technologies|Health Care / Life Sciences Tools & Services|United States
Air Products|Materials / Industrial Gases|United States
Airbnb|Consumer Discretionary / Hotels, Resorts & Cruise Lines|United States
Akamai Technologies|Information Technology / Internet Services & Infrastructure|United States
Albemarle Corporation|Materials / Specialty Chemicals|United States
Alexandria Real Estate Equities|Real Estate / Office REITs|United States
Align Technology|Health Care / Health Care Supplies|United States
Allegion|Industrials / Building Products|Ireland
Alliant Energy|Utilities / Electric Utilities|United States
Allstate|Financials / Property & Casualty Insurance|United States
Alphabet Inc.|Communication Services / Interactive Media & Services|United States
Altria|Consumer Staples / Tobacco|United States
Amazon|Consumer Discretionary / Broadline Retail|United States
Amcor|Materials / Paper & Plastic Packaging Products & Materials|United Kingdom
Ameren|Utilities / Multi-Utilities|United States
American Electric Power|Utilities / Electric Utilities|United States
American Express|Financials / Consumer Finance|United States
American International Group|Financials / Multi-line Insurance|United States
American Tower|Real Estate / Telecom Tower REITs|United States
American Water Works|Utilities / Water Utilities|United States
Ameriprise Financial|Financials / Asset Management & Custody Banks|United States
Ametek|Industrials / Electrical Components & Equipment|United States
Amgen|Health Care / Biotechnology|United States
Amphenol|Information Technology / Electronic Components|United States
Analog Devices|Information Technology / Semiconductors|United States
Aon plc|Financials / Insurance Brokers|United Kingdom
Apollo Global Management|Financials / Asset Management & Custody Banks|United States
AppLovin|Communication Services / Advertising|United States
Apple Inc.|Information Technology / Technology Hardware, Storage & Peripherals|United States
Applied Materials|Information Technology / Semiconductor Materials & Equipment|United States
Aptiv|Consumer Discretionary / Automotive Parts & Equipment|Switzerland
Arch Capital Group|Financials / Property & Casualty Insurance|Bermuda
Archer Daniels Midland|Consumer Staples / Agricultural Products & Services|United States
Ares Management|Financials / Asset Management & Custody Banks|United States
Arista Networks|Information Technology / Communications Equipment|United States
Arthur J. Gallagher & Co.|Financials / Insurance Brokers|United States
Asian Paints|Paints and Coatings|India
Assurant|Financials / Multi-line Insurance|United States
Atmos Energy|Utilities / Gas Utilities|United States
AutoZone|Consumer Discretionary / Automotive Retail|United States
Autodesk|Information Technology / Application Software|United States
Automatic Data Processing|Industrials / Human Resource & Employment Services|United States
Avery Dennison|Materials / Paper & Plastic Packaging Products & Materials|United States
Axis Bank|Banking|India
Axon Enterprise|Industrials / Aerospace & Defense|United States
BNY Mellon|Financials / Asset Management & Custody Banks|United States
BXP, Inc.|Real Estate / Office REITs|United States
Bajaj Auto|Automobile|India
Baker Hughes|Energy / Oil & Gas Equipment & Services|United States
Ball Corporation|Materials / Metal, Glass & Plastic Containers|United States
Bank of America|Financials / Diversified Banks|United States
Baxter International|Health Care / Health Care Equipment|United States
Becton Dickinson|Health Care / Health Care Equipment|United States
Berkshire Hathaway|Financials / Multi-Sector Holdings|United States
Best Buy|Consumer Discretionary / Computer & Electronics Retail|United States
Bharat Electronics|Defence Electronics|India
Bharat Heavy Electricals|Engineering|India
Bharti Airtel|Telecommunications|India
Bio-Techne|Health Care / Life Sciences Tools & Services|United States
Biogen|Health Care / Biotechnology|United States
BlackRock|Financials / Asset Management & Custody Banks|United States
Blackstone Inc.|Financials / Asset Management & Custody Banks|United States
Block, Inc.|Financials / Transaction & Payment Processing Services|none
Bloom Energy|Industrials / Electrical Components & Equipment|United States
Boeing|Industrials / Aerospace & Defense|United States
Booking Holdings|Consumer Discretionary / Hotels, Resorts & Cruise Lines|United States
Boston Scientific|Health Care / Health Care Equipment|United States
Bristol Myers Squibb|Health Care / Pharmaceuticals|United States
Britannia Industries|Consumer Goods|India
Broadcom|Information Technology / Semiconductors|United States
Broadridge Financial Solutions|Industrials / Data Processing & Outsourced Services|United States
Brown & Brown|Financials / Insurance Brokers|United States
Brown–Forman|Consumer Staples / Distillers & Vintners|United States
Bunge Global|Consumer Staples / Agricultural Products & Services|United States
C.H. Robinson|Industrials / Air Freight & Logistics|United States
CBRE Group|Real Estate / Real Estate Services|United States
CDW Corporation|Information Technology / Technology Distributors|United States
CF Industries|Materials / Fertilizers & Agricultural Chemicals|United States
CME Group|Financials / Financial Exchanges & Data|United States
CMS Energy|Utilities / Multi-Utilities|United States
CRH plc|Materials / Construction Materials|Ireland
CSX Corporation|Industrials / Rail Transportation|United States
CVS Health|Health Care / Health Care Services|United States
Cadence Design Systems|Information Technology / Application Software|United States
Camden Property Trust|Real Estate / Multi-Family Residential REITs|United States
Capital One|Financials / Consumer Finance|United States
Cardinal Health|Health Care / Health Care Distributors|United States
Carnival Corporation|Consumer Discretionary / Hotels, Resorts & Cruise Lines|United States
Carrier Global|Industrials / Building Products|United States
Carvana|Consumer Discretionary / Automotive Retail|United States
Casey's|Consumer Staples / Food Retail|United States
Caterpillar Inc.|Industrials / Construction Machinery & Heavy Transportation Equipment|United States
Cboe Global Markets|Financials / Financial Exchanges & Data|United States
Cencora|Health Care / Health Care Distributors|United States
Centene Corporation|Health Care / Managed Health Care|United States
CenterPoint Energy|Utilities / Multi-Utilities|United States
Charles River Laboratories|Health Care / Life Sciences Tools & Services|United States
Charles Schwab Corporation|Financials / Investment Banking & Brokerage|United States
Charter Communications|Communication Services / Cable & Satellite|United States
Chevron Corporation|Energy / Integrated Oil & Gas|United States
Chipotle Mexican Grill|Consumer Discretionary / Restaurants|United States
Chubb Limited|Financials / Property & Casualty Insurance|Switzerland
Church & Dwight|Consumer Staples / Household Products|United States
Ciena|Information Technology / Communications Equipment|United States
Cigna|Health Care / Health Care Services|United States
Cincinnati Financial|Financials / Property & Casualty Insurance|United States
Cintas|Industrials / Diversified Support Services|United States
Cipla|Pharmaceuticals|India
Cisco|Information Technology / Communications Equipment|United States
Citigroup|Financials / Diversified Banks|United States
Citizens Financial Group|Financials / Regional Banks|United States
Clorox|Consumer Staples / Household Products|United States
CoStar Group|Real Estate / Real Estate Services|United States
Coal India|Mining|India
Coca-Cola Company (The)|Consumer Staples / Soft Drinks & Non-alcoholic Beverages|United States
Coherent Corp.|Information Technology / Electronic Components|United States
Coinbase|Financials / Financial Exchanges & Data|United States
Colgate-Palmolive|Consumer Staples / Household Products|United States
Comcast|Communication Services / Cable & Satellite|United States
Comfort Systems USA|Industrials / Construction & Engineering|United States
ConocoPhillips|Energy / Oil & Gas Exploration & Production|United States
Consolidated Edison|Utilities / Multi-Utilities|United States
Constellation Brands|Consumer Staples / Distillers & Vintners|United States
Constellation Energy|Utilities / Electric Utilities|United States
Cooper Companies (The)|Health Care / Health Care Supplies|United States
Copart|Industrials / Diversified Support Services|United States
Corning Inc.|Information Technology / Electronic Components|United States
Corpay|Financials / Transaction & Payment Processing Services|United States
Costco|Consumer Staples / Consumer Staples Merchandise Retail|United States
CrowdStrike|Information Technology / Systems Software|United States
Crown Castle|Real Estate / Telecom Tower REITs|United States
Cummins|Industrials / Construction Machinery & Heavy Transportation Equipment|United States
D. R. Horton|Consumer Discretionary / Homebuilding|United States
DTE Energy|Utilities / Multi-Utilities|United States
DaVita|Health Care / Health Care Services|United States
Danaher Corporation|Health Care / Life Sciences Tools & Services|United States
Darden Restaurants|Consumer Discretionary / Restaurants|United States
Datadog|Information Technology / Application Software|United States
Deckers Brands|Consumer Discretionary / Footwear|United States
Deere & Company|Industrials / Agricultural & Farm Machinery|United States
Dell Technologies|Information Technology / Technology Hardware, Storage & Peripherals|United States
Delta Air Lines|Industrials / Passenger Airlines|United States
Devon Energy|Energy / Oil & Gas Exploration & Production|United States
Dexcom|Health Care / Health Care Equipment|United States
Diamondback Energy|Energy / Oil & Gas Exploration & Production|United States
Digital Realty|Real Estate / Data Center REITs|United States
Dollar General|Consumer Staples / Consumer Staples Merchandise Retail|United States
Dollar Tree|Consumer Staples / Consumer Staples Merchandise Retail|United States
Dominion Energy|Utilities / Multi-Utilities|United States
Domino's|Consumer Discretionary / Restaurants|United States
DoorDash|Consumer Discretionary / Specialized Consumer Services|United States
Dover Corporation|Industrials / Industrial Machinery & Supplies & Components|United States
Dow Inc.|Materials / Commodity Chemicals|United States
Dr. Reddy's Laboratories|Pharmaceuticals|India
DuPont|Industrials / Industrial Conglomerates|United States
Duke Energy|Utilities / Electric Utilities|United States
EOG Resources|Energy / Oil & Gas Exploration & Production|United States
EQT Corporation|Energy / Oil & Gas Exploration & Production|United States
Eaton Corporation|Industrials / Electrical Components & Equipment|Ireland
EchoStar|Communication Services / Wireless Telecommunication Services|United States
Ecolab|Materials / Specialty Chemicals|United States
Edison International|Utilities / Electric Utilities|United States
Edwards Lifesciences|Health Care / Health Care Equipment|United States
Eicher Motors|Automobile|India
Elevance Health|Health Care / Managed Health Care|United States
Emcor|Industrials / Construction & Engineering|United States
Emerson Electric|Industrials / Electrical Components & Equipment|United States
Entergy|Utilities / Electric Utilities|United States
Equifax|Industrials / Research & Consulting Services|United States
Equinix|Real Estate / Data Center REITs|United States
Erie Indemnity|Financials / Insurance Brokers|United States
Essex Property Trust|Real Estate / Multi-Family Residential REITs|United States
Estée Lauder Companies (The)|Consumer Staples / Personal Care Products|United States
Everest Group|Financials / Reinsurance|Bermuda
Evergy|Utilities / Electric Utilities|United States
Everpure|Information Technology / Technology Hardware, Storage & Peripherals|United States
Eversource Energy|Utilities / Electric Utilities|United States
Exelon|Utilities / Electric Utilities|United States
Expand Energy|Energy / Oil & Gas Exploration & Production|United States
Expedia Group|Consumer Discretionary / Hotels, Resorts & Cruise Lines|United States
Expeditors International|Industrials / Air Freight & Logistics|United States
Extra Space Storage|Real Estate / Self-Storage REITs|United States
ExxonMobil|Energy / Integrated Oil & Gas|United States
F5, Inc.|Information Technology / Communications Equipment|United States
FactSet|Financials / Financial Exchanges & Data|United States
Fair Isaac|Information Technology / Application Software|United States
Fastenal|Industrials / Trading Companies & Distributors|United States
FedEx|Industrials / Air Freight & Logistics|United States
FedEx Freight|Industrials / Cargo Ground Transportation|United States
Federal Realty Investment Trust|Real Estate / Retail REITs|United States
Ferguson Enterprises|Industrials / Trading Companies & Distributors|United States
Fidelity National Information Services|Financials / Transaction & Payment Processing Services|United States
Fifth Third Bancorp|Financials / Regional Banks|United States
First Solar|Information Technology / Semiconductors|United States
FirstEnergy|Utilities / Electric Utilities|United States
Fiserv|Financials / Transaction & Payment Processing Services|United States
Flex Ltd.|Information Technology / Electronic Manufacturing Services|United States
Flipkart|E-commerce|India
Ford Motor Company|Consumer Discretionary / Automobile Manufacturers|United States
Fortinet|Information Technology / Systems Software|United States
Fortive|Industrials / Industrial Machinery & Supplies & Components|United States
Fox Corporation|Communication Services / Broadcasting|United States
Franklin Resources|Financials / Asset Management & Custody Banks|United States
Freeport-McMoRan|Materials / Copper|United States
GE Aerospace|Industrials / Aerospace & Defense|United States
GE HealthCare|Health Care / Health Care Equipment|United States
GE Vernova|Industrials / Heavy Electrical Equipment|United States
Garmin|Consumer Discretionary / Consumer Electronics|Switzerland
Gen Digital|Information Technology / Systems Software|United States
Generac|Industrials / Heavy Electrical Equipment|United States
General Dynamics|Industrials / Aerospace & Defense|United States
General Mills|Consumer Staples / Packaged Foods & Meats|United States
General Motors|Consumer Discretionary / Automobile Manufacturers|United States
Genuine Parts Company|Consumer Discretionary / Distributors|United States
Gilead Sciences|Health Care / Biotechnology|United States
Global Payments|Financials / Transaction & Payment Processing Services|United States
Globe Life|Financials / Life & Health Insurance|United States
GoDaddy|Information Technology / Internet Services & Infrastructure|United States
Goldman Sachs|Financials / Investment Banking & Brokerage|United States
HCA Healthcare|Health Care / Health Care Facilities|United States
HDFC Bank|Banking|India
HP Inc.|Information Technology / Technology Hardware, Storage & Peripherals|United States
Halliburton|Energy / Oil & Gas Equipment & Services|United States
Hartford (The)|Financials / Property & Casualty Insurance|United States
Hasbro|Consumer Discretionary / Leisure Products|United States
Healthpeak Properties|Real Estate / Health Care REITs|United States
Henry Schein|Health Care / Health Care Distributors|United States
Hero MotoCorp|Automobile|India
Hershey Company (The)|Consumer Staples / Packaged Foods & Meats|United States
Hewlett Packard Enterprise|Information Technology / Technology Hardware, Storage & Peripherals|United States
Hilton Worldwide|Consumer Discretionary / Hotels, Resorts & Cruise Lines|United States
Hindalco Industries|Metals and Mining|India
Hindustan Aeronautics|Aerospace and Defence|India
Hindustan Unilever|Consumer Goods|India
Home Depot (The)|Consumer Discretionary / Home Improvement Retail|United States
Honeywell Aerospace|Industrials / Aerospace & Defense|United States
Honeywell Technologies|Industrials / Industrial Conglomerates|United States
Hormel Foods|Consumer Staples / Packaged Foods & Meats|United States
Host Hotels & Resorts|Real Estate / Hotel & Resort REITs|United States
Howmet Aerospace|Industrials / Aerospace & Defense|United States
Hubbell Incorporated|Industrials / Industrial Machinery & Supplies & Components|United States
Humana|Health Care / Managed Health Care|United States
Huntington Bancshares|Financials / Regional Banks|United States
Huntington Ingalls Industries|Industrials / Aerospace & Defense|United States
IBM|Information Technology / IT Consulting & Other Services|United States
ICICI Bank|Banking|India
IDEX Corporation|Industrials / Industrial Machinery & Supplies & Components|United States
IQVIA|Health Care / Life Sciences Tools & Services|United States
ITC Limited|Consumer Goods|India
Idexx Laboratories|Health Care / Health Care Equipment|United States
Illinois Tool Works|Industrials / Industrial Machinery & Supplies & Components|United States
Illumina, Inc.|Health Care / Life Sciences Tools & Services|United States
Incyte|Health Care / Biotechnology|United States
Ingersoll Rand|Industrials / Industrial Machinery & Supplies & Components|United States
Insulet Corporation|Health Care / Health Care Equipment|United States
Intel|Information Technology / Semiconductors|United States
Interactive Brokers|Financials / Investment Banking & Brokerage|United States
Intercontinental Exchange|Financials / Financial Exchanges & Data|United States
International Flavors & Fragrances|Materials / Specialty Chemicals|United States
International Paper|Materials / Paper & Plastic Packaging Products & Materials|United States
Intuit|Information Technology / Application Software|United States
Intuitive Surgical|Health Care / Health Care Equipment|United States
Invesco|Financials / Asset Management & Custody Banks|United States
Invitation Homes|Real Estate / Single-Family Residential REITs|United States
Iron Mountain|Real Estate / Other Specialized REITs|United States
J.B. Hunt|Industrials / Cargo Ground Transportation|United States
J.M. Smucker Company (The)|Consumer Staples / Packaged Foods & Meats|United States
JPMorgan Chase|Financials / Diversified Banks|United States
JSW Steel|Metals and Mining|India
Jabil|Information Technology / Electronic Manufacturing Services|United States
Jack Henry & Associates|Financials / Transaction & Payment Processing Services|United States
Jacobs Solutions|Industrials / Construction & Engineering|United States
Johnson & Johnson|Health Care / Pharmaceuticals|United States
Johnson Controls|Industrials / Building Products|Ireland
KKR & Co.|Financials / Asset Management & Custody Banks|United States
KLA Corporation|Information Technology / Semiconductor Materials & Equipment|United States
Kenvue|Consumer Staples / Personal Care Products|United States
Keurig Dr Pepper|Consumer Staples / Soft Drinks & Non-alcoholic Beverages|United States
KeyCorp|Financials / Regional Banks|United States
Keysight Technologies|Information Technology / Electronic Equipment & Instruments|United States
Kimberly-Clark|Consumer Staples / Household Products|United States
Kimco Realty|Real Estate / Retail REITs|United States
Kinder Morgan|Energy / Oil & Gas Storage & Transportation|United States
Kotak Mahindra Bank|Banking|India
Kraft Heinz|Consumer Staples / Packaged Foods & Meats|United States
Kroger|Consumer Staples / Food Retail|United States
L3Harris|Industrials / Aerospace & Defense|United States
Labcorp|Health Care / Health Care Services|United States
Lam Research|Information Technology / Semiconductor Materials & Equipment|United States
Larsen & Toubro|Engineering and Construction|India
Las Vegas Sands|Consumer Discretionary / Casinos & Gaming|United States
Leidos|Industrials / Diversified Support Services|United States
Lennar|Consumer Discretionary / Homebuilding|United States
Lennox International|Industrials / Building Products|United States
Lilly (Eli)|Health Care / Pharmaceuticals|United States
Linde plc|Materials / Industrial Gases|United Kingdom
Live Nation Entertainment|Communication Services / Movies & Entertainment|United States
Lockheed Martin|Industrials / Aerospace & Defense|United States
Loews Corporation|Financials / Multi-line Insurance|United States
Lowe's|Consumer Discretionary / Home Improvement Retail|United States
Lululemon Athletica|Consumer Discretionary / Apparel, Accessories & Luxury Goods|Canada
Lumentum|Information Technology / Communications Equipment|United States
LyondellBasell|Materials / Specialty Chemicals|Netherlands
M&T Bank|Financials / Regional Banks|United States
MGM Resorts|Consumer Discretionary / Casinos & Gaming|United States
MSCI|Financials / Financial Exchanges & Data|United States
Mahindra & Mahindra|Automobile|India
Marathon Petroleum|Energy / Oil & Gas Refining & Marketing|United States
Marriott International|Consumer Discretionary / Hotels, Resorts & Cruise Lines|United States
Marsh McLennan|Financials / Insurance Brokers|United States
Martin Marietta Materials|Materials / Construction Materials|United States
Maruti Suzuki India|Automobile|India
Marvell Technology|Information Technology / Semiconductors|United States
Masco|Industrials / Building Products|United States
Mastercard|Financials / Transaction & Payment Processing Services|United States
McCormick & Company|Consumer Staples / Packaged Foods & Meats|United States
McDonald's|Consumer Discretionary / Restaurants|United States
McKesson Corporation|Health Care / Health Care Distributors|United States
Medtronic|Health Care / Health Care Equipment|Ireland
Merck & Co.|Health Care / Pharmaceuticals|United States
MetLife|Financials / Life & Health Insurance|United States
Meta Platforms|Communication Services / Interactive Media & Services|United States
Mettler Toledo|Health Care / Life Sciences Tools & Services|United States
Microchip Technology|Information Technology / Semiconductors|United States
Micron Technology|Information Technology / Semiconductors|United States
Microsoft|Information Technology / Systems Software|United States
Mid-America Apartment Communities|Real Estate / Multi-Family Residential REITs|United States
Moderna|Health Care / Biotechnology|United States
Mondelez International|Consumer Staples / Packaged Foods & Meats|United States
Monolithic Power Systems|Information Technology / Semiconductors|United States
Monster Beverage|Consumer Staples / Soft Drinks & Non-alcoholic Beverages|United States
Moody's Corporation|Financials / Financial Exchanges & Data|United States
Morgan Stanley|Financials / Investment Banking & Brokerage|United States
Mosaic Company (The)|Materials / Fertilizers & Agricultural Chemicals|United States
Motorola Solutions|Information Technology / Communications Equipment|United States
NRG Energy|Utilities / Independent Power Producers & Energy Traders|United States
NTPC|Power|India
NVR, Inc.|Consumer Discretionary / Homebuilding|United States
NXP Semiconductors|Information Technology / Semiconductors|Netherlands
Nasdaq, Inc.|Financials / Financial Exchanges & Data|United States
Nestle India|Consumer Goods|India
NetApp|Information Technology / Technology Hardware, Storage & Peripherals|United States
Netflix|Communication Services / Movies & Entertainment|United States
Newmont|Materials / Gold|United States
News Corp|Communication Services / Publishing|United States
NextEra Energy|Utilities / Multi-Utilities|United States
NiSource|Utilities / Multi-Utilities|United States
Nike, Inc.|Consumer Discretionary / Apparel, Accessories & Luxury Goods|United States
Nordson Corporation|Industrials / Industrial Machinery & Supplies & Components|United States
Norfolk Southern|Industrials / Rail Transportation|United States
Northern Trust|Financials / Asset Management & Custody Banks|United States
Northrop Grumman|Industrials / Aerospace & Defense|Virginia[2]
Norwegian Cruise Line Holdings|Consumer Discretionary / Hotels, Resorts & Cruise Lines|Florida[3]
Nucor|Materials / Steel|United States
Nvidia|Information Technology / Semiconductors|United States
Nykaa|E-commerce|India
O'Reilly Automotive|Consumer Discretionary / Automotive Retail|United States
ON Semiconductor|Information Technology / Semiconductors|United States
ONGC|Oil and Gas|India
Occidental Petroleum|Energy / Oil & Gas Exploration & Production|United States
Ola Electric|Electric Vehicles|India
Old Dominion|Industrials / Cargo Ground Transportation|United States
Omnicom Group|Communication Services / Advertising|United States
Oneok|Energy / Oil & Gas Storage & Transportation|United States
Oracle Corporation|Information Technology / Application Software|United States
Otis Worldwide|Industrials / Industrial Machinery & Supplies & Components|United States
PG&E Corporation|Utilities / Multi-Utilities|United States
PNC Financial Services|Financials / Diversified Banks|United States
PPG Industries|Materials / Specialty Chemicals|United States
PPL Corporation|Utilities / Electric Utilities|United States
PTC Inc.|Information Technology / Application Software|United States
Paccar|Industrials / Construction Machinery & Heavy Transportation Equipment|United States
Packaging Corporation of America|Materials / Paper & Plastic Packaging Products & Materials|United States
Palantir Technologies|Information Technology / Application Software|United States
Palo Alto Networks|Information Technology / Systems Software|United States
Parker Hannifin|Industrials / Industrial Machinery & Supplies & Components|United States
PayPal|Financials / Transaction & Payment Processing Services|United States
Paychex|Industrials / Human Resource & Employment Services|United States
Paytm (One97 Communications)|Fintech|India
Pentair|Industrials / Industrial Machinery & Supplies & Components|United Kingdom
PepsiCo|Consumer Staples / Soft Drinks & Non-alcoholic Beverages|United States
Pfizer|Health Care / Pharmaceuticals|United States
Philip Morris International|Consumer Staples / Tobacco|United States
Phillips 66|Energy / Oil & Gas Refining & Marketing|United States
Pinnacle West Capital|Utilities / Multi-Utilities|United States
Power Grid Corporation of India|Power|India
Principal Financial Group|Financials / Life & Health Insurance|United States
Procter & Gamble|Consumer Staples / Personal Care Products|United States
Progressive Corporation|Financials / Property & Casualty Insurance|United States
Prologis|Real Estate / Industrial REITs|United States
Prudential Financial|Financials / Life & Health Insurance|United States
Public Service Enterprise Group|Utilities / Electric Utilities|United States
Public Storage|Real Estate / Self-Storage REITs|United States
PulteGroup|Consumer Discretionary / Homebuilding|United States
Qnity Electronics|Information Technology / Semiconductor Materials & Equipment|United States
Qualcomm|Information Technology / Semiconductors|United States
Quanta Services|Industrials / Construction & Engineering|United States
Quest Diagnostics|Health Care / Health Care Services|United States
RTX Corporation|Industrials / Aerospace & Defense|United States
Ralph Lauren Corporation|Consumer Discretionary / Apparel, Accessories & Luxury Goods|United States
Raymond James Financial|Financials / Investment Banking & Brokerage|United States
Realty Income|Real Estate / Retail REITs|United States
Reddit|Communication Services / Interactive Media & Services|United States
Regency Centers|Real Estate / Retail REITs|United States
Regeneron Pharmaceuticals|Health Care / Biotechnology|United States
Regions Financial Corporation|Financials / Regional Banks|United States
Reliance Industries|Energy and Retail|India
Republic Services|Industrials / Environmental & Facilities Services|United States
ResMed|Health Care / Health Care Equipment|United States
Revvity|Health Care / Health Care Equipment|United States
Robinhood Markets|Financials / Investment Banking & Brokerage|United States
Rockwell Automation|Industrials / Electrical Components & Equipment|United States
Rollins, Inc.|Industrials / Environmental & Facilities Services|United States
Roper Technologies|Information Technology / Electronic Equipment & Instruments|United States
Ross Stores|Consumer Discretionary / Apparel Retail|United States
Royal Caribbean Group|Consumer Discretionary / Hotels, Resorts & Cruise Lines|United States
S&P Global|Financials / Financial Exchanges & Data|United States
SBA Communications|Real Estate / Telecom Tower REITs|United States
Salesforce|Information Technology / Application Software|United States
Sandisk|Information Technology / Technology Hardware, Storage & Peripherals|United States
Schlumberger|Energy / Oil & Gas Equipment & Services|United States
Seagate Technology|Information Technology / Technology Hardware, Storage & Peripherals|Ireland
Sempra|Utilities / Multi-Utilities|United States
ServiceNow|Information Technology / Systems Software|United States
Sherwin-Williams|Materials / Specialty Chemicals|United States
Simon Property Group|Real Estate / Retail REITs|United States
Skydance Corporation|Communication Services / Movies & Entertainment|United States
Skyworks Solutions|Information Technology / Semiconductors|United States
Smurfit Westrock|Materials / Paper & Plastic Packaging Products & Materials|Ireland
Snap-on|Industrials / Industrial Machinery & Supplies & Components|United States
Solventum|Health Care / Health Care Technology|United States
Southern Company|Utilities / Electric Utilities|United States
Southwest Airlines|Industrials / Passenger Airlines|United States
Stanley Black & Decker|Industrials / Industrial Machinery & Supplies & Components|United States
Starbucks|Consumer Discretionary / Restaurants|United States
State Bank of India|Banking|India
State Street Corporation|Financials / Asset Management & Custody Banks|United States
Steel Dynamics|Materials / Steel|United States
Steris|Health Care / Health Care Equipment|Ireland
Stryker Corporation|Health Care / Health Care Equipment|United States
Sun Pharmaceutical Industries|Pharmaceuticals|India
Supermicro|Information Technology / Technology Hardware, Storage & Peripherals|United States
Swiggy|Food Delivery|India
Synchrony Financial|Financials / Consumer Finance|United States
Synopsys|Information Technology / Application Software|United States
Sysco|Consumer Staples / Food Distributors|United States
T-Mobile US|Communication Services / Wireless Telecommunication Services|United States
T. Rowe Price|Financials / Asset Management & Custody Banks|United States
TE Connectivity|Information Technology / Electronic Manufacturing Services|Ireland
TJX Companies|Consumer Discretionary / Apparel Retail|United States
TKO Group Holdings|Communication Services / Movies & Entertainment|United States
Take-Two Interactive|Communication Services / Interactive Home Entertainment|United States
Tapestry, Inc.|Consumer Discretionary / Apparel, Accessories & Luxury Goods|United States
Targa Resources|Energy / Oil & Gas Storage & Transportation|United States
Target Corporation|Consumer Staples / Consumer Staples Merchandise Retail|United States
Tata Motors|Automobile|India
Tata Steel|Metals and Mining|India
Teledyne Technologies|Information Technology / Electronic Equipment & Instruments|United States
Teradyne|Information Technology / Semiconductor Materials & Equipment|United States
Tesla, Inc.|Consumer Discretionary / Automobile Manufacturers|United States
Texas Instruments|Information Technology / Semiconductors|United States
Texas Pacific Land Corporation|Energy / Oil & Gas Exploration & Production|United States
Textron|Industrials / Aerospace & Defense|United States
Thermo Fisher Scientific|Health Care / Life Sciences Tools & Services|United States
Titan Company|Consumer Goods|India
Tractor Supply|Consumer Discretionary / Other Specialty Retail|United States
Trane Technologies|Industrials / Building Products|Ireland
TransDigm Group|Industrials / Aerospace & Defense|United States
Travelers Companies (The)|Financials / Property & Casualty Insurance|United States
Trimble Inc.|Information Technology / Application Software|United States
Truist Financial|Financials / Diversified Banks|United States
Twilio|Information Technology / Systems Software|United States
Tyler Technologies|Information Technology / Application Software|United States
Tyson Foods|Consumer Staples / Packaged Foods & Meats|United States
U.S. Bancorp|Financials / Diversified Banks|United States
UDR, Inc.|Real Estate / Multi-Family Residential REITs|United States
Uber|Industrials / Passenger Ground Transportation|United States
Ulta Beauty|Consumer Discretionary / Other Specialty Retail|United States
UltraTech Cement|Cement|India
Union Pacific Corporation|Industrials / Rail Transportation|United States
United Airlines Holdings|Industrials / Passenger Airlines|United States
United Parcel Service|Industrials / Air Freight & Logistics|United States
United Rentals|Industrials / Trading Companies & Distributors|United States
UnitedHealth Group|Health Care / Managed Health Care|United States
Universal Health Services|Health Care / Health Care Facilities|United States
Valero Energy|Energy / Oil & Gas Refining & Marketing|United States
Veeva Systems|Health Care / Health Care Technology|United States
Ventas|Real Estate / Health Care REITs|United States
Veralto|Industrials / Environmental & Facilities Services|United States
Verisign|Information Technology / Internet Services & Infrastructure|United States
Verisk Analytics|Industrials / Research & Consulting Services|United States
Verizon|Communication Services / Integrated Telecommunication Services|United States
Vertex Pharmaceuticals|Health Care / Biotechnology|United States
Vertiv|Industrials / Electrical Components & Equipment|United States
Viatris|Health Care / Pharmaceuticals|United States
Vici Properties|Real Estate / Hotel & Resort REITs|United States
Visa Inc.|Financials / Transaction & Payment Processing Services|United States
Vistra Corp.|Utilities / Electric Utilities|United States
Vivmark Residential|Real Estate / Multi-Family Residential REITs|United States
Vulcan Materials Company|Materials / Construction Materials|United States
Vylor|Consumer Staples / Agricultural Products & Services|United States
W. R. Berkley Corporation|Financials / Property & Casualty Insurance|United States
W. W. Grainger|Industrials / Industrial Machinery & Supplies & Components|United States
WEC Energy Group|Utilities / Electric Utilities|United States
Wabtec|Industrials / Construction Machinery & Heavy Transportation Equipment|United States
Walmart|Consumer Staples / Consumer Staples Merchandise Retail|United States
Walt Disney Company (The)|Communication Services / Movies & Entertainment|United States
Waste Management|Industrials / Environmental & Facilities Services|United States
Waters Corporation|Health Care / Life Sciences Tools & Services|United States
Wells Fargo|Financials / Diversified Banks|United States
Welltower|Real Estate / Health Care REITs|United States
West Pharmaceutical Services|Health Care / Health Care Supplies|United States
Western Digital|Information Technology / Technology Hardware, Storage & Peripherals|United States
Weyerhaeuser|Real Estate / Timber REITs|United States
Williams Companies|Energy / Oil & Gas Storage & Transportation|United States
Williams-Sonoma, Inc.|Consumer Discretionary / Homefurnishing Retail|United States
Willis Towers Watson|Financials / Insurance Brokers|United Kingdom
Workday, Inc.|Information Technology / Application Software|United States
Wynn Resorts|Consumer Discretionary / Casinos & Gaming|United States
Xcel Energy|Utilities / Multi-Utilities|United States
Xylem Inc.|Industrials / Industrial Machinery & Supplies & Components|United States
Yum! Brands|Consumer Discretionary / Restaurants|United States
Zebra Technologies|Information Technology / Electronic Equipment & Instruments|United States
Zimmer Biomet|Health Care / Health Care Equipment|United States
Zoetis|Health Care / Pharmaceuticals|United States
Zomato (Eternal)|Food Delivery|India
eBay Inc.|Consumer Discretionary / Broadline Retail|United States
TCS|Information Technology / IT Services|India
Infosys|Information Technology / IT Services|India
Wipro|Information Technology / IT Services|India
HCLTech|Information Technology / IT Services|India
Tech Mahindra|Information Technology / IT Services|India
LTIMindtree|Information Technology / IT Services|India
Mphasis|Information Technology / IT Services|India
Persistent Systems|Information Technology / IT Services|India
Coforge|Information Technology / IT Services|India
Cyient|Information Technology / Engineering Services|India
Zensar Technologies|Information Technology / IT Services|India
Hexaware Technologies|Information Technology / IT Services|India
Birlasoft|Information Technology / IT Services|India
Sonata Software|Information Technology / IT Services|India
Mastek|Information Technology / IT Services|India
Happiest Minds Technologies|Information Technology / IT Services|India
KPIT Technologies|Information Technology / Automotive Software|India
Tata Elxsi|Information Technology / Engineering Services|India
L&T Technology Services|Information Technology / Engineering Services|India
Newgen Software|Information Technology / Software|India
Intellect Design Arena|Information Technology / Fintech Software|India
Zoho|Information Technology / Software|India
Freshworks|Information Technology / Software|India
Razorpay|Fintech|India
PhonePe|Fintech|India
CRED|Fintech|India
Meesho|E-commerce|India
Zerodha|Fintech|India
Groww|Fintech|India
Dream11|Information Technology / Gaming|India
Unacademy|Information Technology / EdTech|India
upGrad|Information Technology / EdTech|India
PhysicsWallah|Information Technology / EdTech|India
Myntra|E-commerce|India
BigBasket|E-commerce|India
Urban Company|E-commerce|India
Lenskart|E-commerce|India
PolicyBazaar|Fintech|India
Delhivery|Logistics and Supply Chain|India
InMobi|Information Technology / AdTech|India
ShareChat|Information Technology / Social Media|India
Juspay|Fintech|India
Postman|Information Technology / Software|India
BrowserStack|Information Technology / Software|India
Chargebee|Information Technology / Software|India
Darwinbox|Information Technology / Software|India
Sprinklr|Information Technology / Software|India
MakeMyTrip|E-commerce|India
Ixigo|E-commerce|India
Cars24|E-commerce|India
OYO|E-commerce|India
Licious|Food Delivery|India
boAt Lifestyle|Consumer Goods|India
Zepto|E-commerce|India
Rapido|Information Technology / Mobility|India
Pine Labs|Fintech|India
BharatPe|Fintech|India
Info Edge|Communication Services / Internet|India
Nazara Technologies|Information Technology / Gaming|India
Tata Consumer Products|Consumer Goods|India
Tata Power|Power|India
Tata Communications|Telecommunications|India
Tata Technologies|Information Technology / Engineering Services|India
Adani Enterprises|Industrial Conglomerate|India
Adani Ports|Logistics and Supply Chain|India
Adani Green Energy|Power|India
Adani Power|Power|India
Vedanta|Metals and Mining|India
Godrej Consumer Products|Consumer Goods|India
Godrej Properties|Real Estate|India
Dabur India|Consumer Goods|India
Marico|Consumer Goods|India
Pidilite Industries|Paints and Coatings|India
Havells India|Engineering|India
Siemens Limited|Engineering|India
ABB India|Engineering|India
Bosch Limited|Automobile|India
Schneider Electric India|Engineering|India
Thermax|Engineering|India
Cummins India|Engineering|India
Ashok Leyland|Automobile|India
TVS Motor Company|Automobile|India
Bajaj Finance|Financials / Banking|India
Bajaj Finserv|Financials / Banking|India
HDFC Life Insurance|Financials / Insurance|India
SBI Life Insurance|Financials / Insurance|India
ICICI Prudential Life Insurance|Financials / Insurance|India
Life Insurance Corporation of India|Financials / Insurance|India
Muthoot Finance|Financials / Banking|India
Shriram Finance|Financials / Banking|India
IndusInd Bank|Banking|India
Yes Bank|Banking|India
Federal Bank|Banking|India
IDFC First Bank|Banking|India
Bank of Baroda|Banking|India
Punjab National Bank|Banking|India
Canara Bank|Banking|India
Union Bank of India|Banking|India
Apollo Hospitals|Health Care / Hospitals|India
Fortis Healthcare|Health Care / Hospitals|India
Max Healthcare|Health Care / Hospitals|India
Lupin|Pharmaceuticals|India
Zydus Lifesciences|Pharmaceuticals|India
Aurobindo Pharma|Pharmaceuticals|India
Divi's Laboratories|Pharmaceuticals|India
Biocon|Pharmaceuticals|India
Torrent Pharmaceuticals|Pharmaceuticals|India
Glenmark Pharmaceuticals|Pharmaceuticals|India
Alkem Laboratories|Pharmaceuticals|India
Syngene International|Pharmaceuticals|India
Bharat Biotech|Pharmaceuticals|India
Serum Institute of India|Pharmaceuticals|India
Bharat Petroleum|Oil and Gas|India
Indian Oil Corporation|Oil and Gas|India
Hindustan Petroleum|Oil and Gas|India
GAIL (India)|Oil and Gas|India
Oil India|Oil and Gas|India
Steel Authority of India|Metals and Mining|India
NMDC|Metals and Mining|India
Jindal Steel & Power|Metals and Mining|India
Ambuja Cements|Cement|India
ACC Limited|Cement|India
Shree Cement|Cement|India
Grasim Industries|Materials / Chemicals|India
UPL|Materials / Chemicals|India
Tata Chemicals|Materials / Chemicals|India
Vodafone Idea|Telecommunications|India
Jio Platforms|Telecommunications|India
InterGlobe Aviation (IndiGo)|Aerospace and Defence|India
DLF|Real Estate|India
Prestige Estates Projects|Real Estate|India
Oberoi Realty|Real Estate|India
Brigade Enterprises|Real Estate|India
Capgemini|Information Technology / IT Services|France
Genpact|Information Technology / IT Services|United States
EXL Service|Information Technology / IT Services|United States
WNS Global Services|Information Technology / IT Services|India
Firstsource Solutions|Information Technology / IT Services|India
Sasken Technologies|Information Technology / Engineering Services|India
Quess IT Solutions|Information Technology / IT Services|India
Hyundai Motor India|Automobile|India
Kia India|Automobile|India
Tata Advanced Systems|Aerospace and Defence|India
Larsen & Toubro Infotech|Information Technology / IT Services|India
Dr. Lal PathLabs|Health Care / Diagnostics|India
Metropolis Healthcare|Health Care / Diagnostics|India
Nuvama Wealth|Financials / Capital Markets|India
Angel One|Financials / Capital Markets|India
CAMS (Computer Age Management Services)|Financials / Capital Markets|India
Policybazaar Insurance|Financials / Insurance|India
